{"x_values": [0.0, 0.035252540025321445, 0.07050508005064289, 0.10575762007596433, 0.14101016010128578, 0.17626270012660722, 0.21151524015192866, 0.2467677801772501, 0.28202032020257156, 0.31727286022789297, 0.35252540025321444, 0.3877779402785359, 0.4230304803038573, 0.4582830203291788, 0.4935355603545002, 0.5287881003798216, 0.5640406404051431, 0.5992931804304645, 0.6345457204557859, 0.6697982604811074, 0.7050508005064289, 0.7403033405317503, 0.7755558805570718, 0.8108084205823932, 0.8460609606077146, 0.8813135006330362, 0.9165660406583576, 0.9518185806836789, 0.9870711207090004, 1.0223236607343218, 1.0575762007596432, 1.0928287407849646, 1.1280812808102862, 1.1633338208356077, 1.198586360860929, 1.2338389008862505, 1.2690914409115719, 1.3043439809368933, 1.3395965209622147, 1.3748490609875363, 1.4101016010128578, 1.4453541410381792, 1.4806066810635006, 1.515859221088822, 1.5511117611141436, 1.586364301139465, 1.6216168411647864, 1.6568693811901078, 1.6921219212154293, 1.727374461240751, 1.7626270012660723, 1.7978795412913937, 1.8331320813167151, 1.8683846213420365, 1.9036371613673577, 1.9388897013926794, 1.9741422414180008, 2.009394781443322, 2.0446473214686436, 2.079899861493965, 2.1151524015192864, 2.150404941544608, 2.1856574815699292, 2.220910021595251, 2.2561625616205725, 2.2914151016458937, 2.3266676416712153, 2.3619201816965365, 2.397172721721858, 2.4324252617471798, 2.467677801772501, 2.5029303417978226, 2.5381828818231438, 2.5734354218484654, 2.6086879618737866, 2.6439405018991082, 2.6791930419244294, 2.7144455819497515, 2.7496981219750727, 2.7849506620003943, 2.8202032020257155, 2.855455742051037, 2.8907082820763583, 2.92596082210168, 2.961213362127001, 2.996465902152323, 3.031718442177644, 3.066970982202965, 3.1022235222282872, 3.1374760622536084, 3.17272860227893, 3.2079811423042512, 3.243233682329573, 3.278486222354894, 3.3137387623802157, 3.348991302405537, 3.3842438424308585, 3.4194963824561797, 3.454748922481502, 3.490001462506823], "y_values": [0.0, 0.006153186329363493, 0.012180797427515487, 0.01808283329445598, 0.023859293930184974, 0.029510179334702465, 0.035035489508008465, 0.04043522445010296, 0.04570938416098595, 0.05085796864065744, 0.05588097788911744, 0.06077841190636594, 0.06555027069240293, 0.07019655424722843, 0.07471726257084242, 0.0791123956632449, 0.0833819535244359, 0.0875259361544154, 0.09154434355318339, 0.0954371757207399, 0.09920443265708488, 0.10284611436221838, 0.1063622208361404, 0.10975275207885088, 0.11301770809034989, 0.11615708887063736, 0.11917089441971337, 0.12205912473757786, 0.12482177982423087, 0.12745885967967235, 0.12997036430390235, 0.13235629369692087, 0.13461664785872784, 0.13675142678932334, 0.13876063048870735, 0.14064425895687982, 0.14240231219384084, 0.14403479019959034, 0.14554169297412833, 0.14692302051745484, 0.14817877282956982, 0.14930894991047333, 0.15031355176016534, 0.15119257837864586, 0.15194602976591487, 0.1525739059219723, 0.1530762068468183, 0.15345293254045284, 0.15370408300287583, 0.15382965823408734, 0.15382965823408729, 0.15370408300287583, 0.15345293254045284, 0.15307620684681833, 0.15257390592197234, 0.15194602976591487, 0.15119257837864586, 0.1503135517601653, 0.14930894991047333, 0.14817877282956982, 0.14692302051745482, 0.14554169297412833, 0.14403479019959034, 0.14240231219384084, 0.14064425895687982, 0.13876063048870735, 0.13675142678932334, 0.13461664785872784, 0.1323562936969208, 0.1299703643039023, 0.12745885967967235, 0.12482177982423082, 0.12205912473757785, 0.11917089441971335, 0.11615708887063736, 0.11301770809034978, 0.10975275207885088, 0.10636222083614039, 0.10284611436221841, 0.0992044326570849, 0.0954371757207399, 0.09154434355318336, 0.08752593615441534, 0.08338195352443584, 0.0791123956632449, 0.07471726257084238, 0.07019655424722843, 0.06555027069240299, 0.06077841190636596, 0.0558809778891175, 0.05085796864065739, 0.04570938416098591, 0.040435224450102836, 0.03503548950800839, 0.029510179334702458, 0.023859293930184933, 0.018082833294455924, 0.012180797427515544, 0.006153186329363458, 1.1102230246251565e-16]}